{
    "metadata":{
        "position":218,
        "normal":218,
        "version":3,
        "generator":"io_three",
        "type":"BufferGeometry"
    },
    "data":{
        "attributes":{
            "position":{
                "array":[0.098304,3.27414,-0.056756,0.126606,3.24252,-1.41735e-07,0.109644,3.24252,-0.0633031,0.0567558,3.27414,-0.0983042,0.0633029,3.24252,-0.109644,0,3.27414,-0.113512,0,3.24252,-0.126606,-0.0633029,3.24252,-0.109644,-0.0567558,3.27414,-0.0983042,-0.109644,3.24252,-0.0633031,-0.098304,3.27414,-0.056756,-0.126606,3.24252,-1.41735e-07,-0.113512,3.27414,-1.43117e-07,-0.109644,3.24252,0.0633028,-0.098304,3.27414,0.0567557,-0.0633029,3.24252,0.109644,-0.0567558,3.27414,0.0983039,0,3.24252,0.126606,0,3.27414,0.113512,0.0567558,3.27414,0.0983039,0.0633029,3.24252,0.109644,0.098304,3.27414,0.0567557,0.109644,3.24252,0.0633028,0.113512,3.27414,-1.43117e-07,0.0802649,3.30128,-0.0463411,0.046341,3.30128,-0.080265,0,3.30128,-0.0926821,-0.046341,3.30128,-0.080265,-0.0802649,3.30128,-0.0463411,-0.0926819,3.30128,-1.44304e-07,-0.0802649,3.30128,0.0463408,-0.046341,3.30128,0.0802647,0,3.30128,0.0926818,0.046341,3.30128,0.0802647,0.0802649,3.30128,0.0463408,0.0926819,3.30128,-1.44304e-07,0.0567559,3.32211,-0.0327682,0.032768,3.32211,-0.056756,-0.032768,3.32211,-0.056756,-0.0567559,3.32211,-0.0327682,-0.065536,3.32211,-1.45214e-07,-0.0567559,3.32211,0.0327679,-0.032768,3.32211,0.0567557,0,3.32211,0.0655359,0.032768,3.32211,0.0567557,0.0567559,3.32211,0.0327679,0.029379,3.33521,-0.0169621,0.065536,3.32211,-1.45214e-07,0.016962,3.33521,-0.0293791,0,3.32211,-0.0655362,-0.016962,3.33521,-0.0293791,-0.029379,3.33521,-0.0169621,-0.0339239,3.33521,-1.45787e-07,-0.029379,3.33521,0.0169618,-0.016962,3.33521,0.0293788,0,3.33521,0.0339238,0.016962,3.33521,0.0293788,0.029379,3.33521,0.0169618,-1.60517e-17,3.33967,-1.45982e-07,0.0339239,3.33521,-1.45787e-07,0,3.33521,-0.0339241,0.111642,3.225,-0.0644566,0.0644565,3.225,-0.111642,0,3.225,-0.128913,-0.0644565,3.225,-0.111642,-0.111642,3.225,-0.0644566,-0.128913,3.225,-1.40969e-07,-0.111642,3.225,0.0644563,0.128913,3.225,-1.40969e-07,-0.0644565,3.225,0.111642,0,3.225,0.128913,0.0644565,3.225,0.111642,0.111642,3.225,0.0644563,-0.0636263,3.186,0.110204,0,3.03012,0.053687,-0.0268436,3.03012,0.0464943,0,3.186,0.127252,0.0636263,3.186,0.110204,-0.110204,3.186,0.0636262,-0.0464944,3.03012,0.0268434,0.0464944,3.03012,0.0268434,0.0268436,3.03012,0.0464943,0.127253,3.186,-1.39265e-07,0.0536871,3.03012,-1.32451e-07,0.110204,3.186,-0.0636264,-0.110204,3.186,-0.0636264,-0.0536871,3.03012,-1.32451e-07,-0.0464944,3.03012,-0.0268437,-0.127253,3.186,-1.39265e-07,0.110204,3.186,0.0636262,0.0268436,3.03012,-0.0464945,0.0464944,3.03012,-0.0268437,-0.0636263,3.186,-0.110204,-0.0268436,3.03012,-0.0464945,0.0636263,3.186,-0.110204,0,3.03012,-0.0536872,0,3.186,-0.127253,0.0335544,3.84711,-0.0581181,4.10923e-18,0.0128911,-0.0671089,-4.10923e-18,3.84711,-0.067109,0.058118,3.84711,-0.0335546,0.0335544,0.0128911,-0.058118,0.0671089,3.84711,-1.68162e-07,0.058118,0.0128911,-0.0335544,0.058118,0.0128911,0.0335544,0.0671089,0.0128911,-5.6349e-10,0.058118,3.84711,0.0335543,0.0335544,0.0128911,0.058118,0.0335544,3.84711,0.0581178,4.10923e-18,0.0128911,0.0671089,-4.10923e-18,3.84711,0.0671087,-0.0335544,0.0128911,0.058118,-0.0335544,3.84711,0.0581178,-0.058118,0.0128911,0.0335544,-0.058118,3.84711,0.0335543,-0.0671089,0.0128911,-5.6349e-10,-0.058118,3.84711,-0.0335546,-0.0671089,3.84711,-1.68162e-07,-0.0335544,3.84711,-0.0581181,-0.058118,0.0128911,-0.0335544,-0.0335544,0.0128911,-0.058118,0.098304,3.97414,-0.056756,0.126606,3.94252,-1.72333e-07,0.109644,3.94252,-0.0633031,0.0567558,3.97414,-0.0983042,0.0633029,3.94252,-0.109644,0,3.97414,-0.113512,0,3.94252,-0.126606,-0.0633029,3.94252,-0.109644,-0.0567558,3.97414,-0.0983042,-0.109644,3.94252,-0.0633031,-0.098304,3.97414,-0.056756,-0.126606,3.94252,-1.72333e-07,-0.113512,3.97414,-1.73715e-07,-0.109644,3.94252,0.0633027,-0.098304,3.97414,0.0567557,-0.0633029,3.94252,0.109644,-0.0567558,3.97414,0.0983038,0,3.94252,0.126606,0,3.97414,0.113512,0.0567558,3.97414,0.0983038,0.0633029,3.94252,0.109644,0.098304,3.97414,0.0567557,0.109644,3.94252,0.0633027,0.113512,3.97414,-1.73715e-07,0.0802649,4.00128,-0.0463411,0.046341,4.00128,-0.0802651,0,4.00128,-0.0926821,-0.046341,4.00128,-0.0802651,-0.0802649,4.00128,-0.0463411,-0.0926819,4.00128,-1.74902e-07,-0.0802649,4.00128,0.0463408,-0.046341,4.00128,0.0802647,0,4.00128,0.0926817,0.046341,4.00128,0.0802647,0.0802649,4.00128,0.0463408,0.0926819,4.00128,-1.74902e-07,0.0567559,4.02211,-0.0327682,0.032768,4.02211,-0.056756,-0.032768,4.02211,-0.056756,-0.0567559,4.02211,-0.0327682,-0.065536,4.02211,-1.75812e-07,-0.0567559,4.02211,0.0327678,-0.032768,4.02211,0.0567557,0,4.02211,0.0655358,0.032768,4.02211,0.0567557,0.0567559,4.02211,0.0327678,0.029379,4.03521,-0.0169621,0.065536,4.02211,-1.75812e-07,0.016962,4.03521,-0.0293792,0,4.02211,-0.0655362,-0.016962,4.03521,-0.0293792,-0.029379,4.03521,-0.0169621,-0.0339239,4.03521,-1.76384e-07,-0.029379,4.03521,0.0169618,-0.016962,4.03521,0.0293788,0,4.03521,0.0339237,0.016962,4.03521,0.0293788,0.029379,4.03521,0.0169618,-1.60517e-17,4.03967,-1.7658e-07,0.0339239,4.03521,-1.76384e-07,0,4.03521,-0.0339241,0.111642,3.925,-0.0644567,0.0644565,3.925,-0.111642,0,3.925,-0.128913,-0.0644565,3.925,-0.111642,-0.111642,3.925,-0.0644567,-0.128913,3.925,-1.71567e-07,-0.111642,3.925,0.0644563,0.128913,3.925,-1.71567e-07,-0.0644565,3.925,0.111642,0,3.925,0.128913,0.0644565,3.925,0.111642,0.111642,3.925,0.0644563,-0.0636263,3.886,0.110204,0,3.73011,0.0536869,-0.0268436,3.73011,0.0464942,0,3.886,0.127252,0.0636263,3.886,0.110204,-0.110204,3.886,0.0636261,-0.0464944,3.73011,0.0268434,0.0464944,3.73011,0.0268434,0.0268436,3.73011,0.0464942,0.127253,3.886,-1.69863e-07,0.0536871,3.73011,-1.63048e-07,0.110204,3.886,-0.0636265,-0.110204,3.886,-0.0636265,-0.0536871,3.73011,-1.63048e-07,-0.0464944,3.73011,-0.0268437,-0.127253,3.886,-1.69863e-07,0.110204,3.886,0.0636261,0.0268436,3.73011,-0.0464946,0.0464944,3.73011,-0.0268437,-0.0636263,3.886,-0.110204,-0.0268436,3.73011,-0.0464946,0.0636263,3.886,-0.110204,0,3.73011,-0.0536873,0,3.886,-0.127253],
                "itemSize":3,
                "type":"Float32Array"
            },