{
    "metadata":{
        "position":122,
        "version":3,
        "type":"BufferGeometry",
        "generator":"io_three",
        "normal":122
    },
    "data":{
        "attributes":{
            "position":{
                "array":[0.0627773,2.51019,-5.05592,0,2.53075,-5.06221,0.0543668,2.51936,-5.02591,0.0313887,2.52608,-5.00393,0,2.52854,-4.99589,-0.0313887,2.52608,-5.00393,-0.0543668,2.51936,-5.02591,-0.0627773,2.51019,-5.05592,-0.0543668,2.50101,-5.08594,-0.0313887,2.49429,-5.10792,0,2.49183,-5.11596,0.0313887,2.49429,-5.10792,0.0543668,2.50101,-5.08594,0.0543668,-1.8889e-07,-4.32131,0.0627773,-1.87455e-07,-4.28848,0.0313887,-1.8994e-07,-4.34533,0,-1.90325e-07,-4.35413,-0.0313887,-1.8994e-07,-4.34533,-0.0543668,-1.8889e-07,-4.32131,-0.0627773,-1.87455e-07,-4.28848,-0.0543668,-1.86021e-07,-4.25566,-0.0313887,-1.8497e-07,-4.23163,0.0313887,-1.8497e-07,-4.23163,0,-1.84586e-07,-4.22284,0.0543668,-1.86021e-07,-4.25566,0.098304,2.48343,-5.1118,0.126606,2.46979,-5.04828,0.109644,2.45128,-5.10882,0.0567558,2.47128,-5.15153,0.0633029,2.43774,-5.15313,0,2.46684,-5.16607,0,2.43278,-5.16935,-0.0633029,2.43774,-5.15313,-0.0567558,2.47128,-5.15153,-0.109644,2.45128,-5.10882,-0.098304,2.48343,-5.1118,-0.126606,2.46979,-5.04828,-0.113512,2.50002,-5.05752,-0.109644,2.4883,-4.98774,-0.098304,2.51662,-5.00325,-0.0567558,2.52876,-4.96351,-0.0633029,2.50185,-4.94343,0,2.53321,-4.94897,0,2.50681,-4.92721,0.0633029,2.50185,-4.94343,0.109644,2.4883,-4.98774,0.0567558,2.52876,-4.96351,0.113512,2.50002,-5.05752,0.0802649,2.51243,-5.10978,0.046341,2.50252,-5.14222,-0.046341,2.50252,-5.14222,-0.0802649,2.51243,-5.10978,-0.0926819,2.52598,-5.06546,-0.0802649,2.53953,-5.02114,-0.046341,2.54945,-4.9887,0,2.55308,-4.97683,0.046341,2.54945,-4.9887,0.0802649,2.53953,-5.02114,0.098304,2.51662,-5.00325,0.0567559,2.53632,-5.10289,0.0926819,2.52598,-5.06546,0.032768,2.52931,-5.12583,0,2.49889,-5.15409,-0.032768,2.52931,-5.12583,-0.0567559,2.53632,-5.10289,-0.065536,2.5459,-5.07155,-0.0567559,2.55548,-5.04021,-0.032768,2.5625,-5.01727,0,2.56506,-5.00888,0.032768,2.5625,-5.01727,0.0567559,2.55548,-5.04021,0.0339239,2.55842,-5.07538,0.065536,2.5459,-5.07155,0.016962,2.54983,-5.10347,0,2.54851,-5.10782,0,2.52674,-5.13422,-0.016962,2.54983,-5.10347,-0.029379,2.55346,-5.0916,-0.0339239,2.55842,-5.07538,-0.029379,2.56338,-5.05916,-0.016962,2.56701,-5.04728,0,2.56834,-5.04294,0.016962,2.56701,-5.04728,0.029379,2.55346,-5.0916,0,2.5627,-5.07668,0.029379,2.56338,-5.05916,0.111642,2.43419,-5.1048,0.0644565,2.42039,-5.14992,0,2.41534,-5.16644,-0.0644565,2.42039,-5.14992,-0.111642,2.43419,-5.1048,-0.128913,2.45303,-5.04316,-0.111642,2.47188,-4.98152,0.111642,2.47188,-4.98152,0.128913,2.45303,-5.04316,-0.0644565,2.48567,-4.93639,0,2.49072,-4.91988,0.0644565,2.48567,-4.93639,-0.0636263,2.44796,-4.92637,-0.0268436,2.28026,-4.94171,0,2.45295,-4.91006,0.0636263,2.44796,-4.92637,0.0268436,2.28026,-4.94171,0,2.28236,-4.93484,-0.110204,2.43434,-4.97091,-0.0464944,2.27451,-4.96051,0.110204,2.43434,-4.97091,0.127253,2.41574,-5.03175,0.0464944,2.25882,-5.01185,0.0536871,2.26666,-4.98618,-0.127253,2.41574,-5.03175,-0.0464944,2.25882,-5.01185,-0.110204,2.39714,-5.0926,-0.0536871,2.26666,-4.98618,0.0464944,2.27451,-4.96051,0.110204,2.39714,-5.0926,0.0268436,2.25307,-5.03064,-0.0268436,2.25307,-5.03064,-0.0636263,2.38352,-5.13714,0.0636263,2.38352,-5.13714,0,2.37854,-5.15345,0,2.25097,-5.03752],
                "itemSize":3,
                "type":"Float32Array"
            },
            "normal":{
                "array":[0.84167,0.516373,-0.157811,0,0.956298,-0.292337,0.728935,0.639332,0.244606,0.420881,0.729423,0.539232,0,0.762413,0.647053,-0.420881,0.729423,0.539232,-0.728935,0.639332,0.244606,-0.84167,0.516373,-0.157811,-0.728965,0.393292,-0.560259,-0.42085,0.303201,-0.854915,0,0.270211,-0.962767,0.42085,0.303201,-0.854915,0.728965,0.393292,-0.560259,0.886044,-0.135502,-0.443281,0.998779,0.0143132,0.0468154,0.520493,-0.249641,-0.816523,0,-0.292367,-0.956298,-0.520493,-0.249641,-0.816523,-0.886044,-0.135502,-0.443281,-0.998779,0.0143132,0.0468154,-0.843379,0.157079,0.51381,-0.477248,0.256905,0.840327,0.477248,0.256905,0.840327,0,0.292367,0.956298,0.843379,0.157079,0.51381,0.754479,0.342051,-0.560076,0.967284,0.2425,-0.0741295,0.837703,0.101077,-0.536668,0.435591,0.248817,-0.865047,0.483627,-0.00238044,-0.87524,0,0.214698,-0.976653,0,-0.0402844,-0.999176,-0.483627,-0.00238044,-0.87524,-0.435591,0.248817,-0.865047,-0.837703,0.101077,-0.536668,-0.754479,0.342051,-0.560076,-0.967284,0.2425,-0.0741295,-0.871212,0.469405,-0.143498,-0.837703,0.383892,0.388379,-0.754479,0.596789,0.273049,-0.435591,0.690023,0.57799,-0.483627,0.487442,0.726951,0,0.724143,0.689627,0,0.525315,0.850887,0.483627,0.487442,0.726951,0.837703,0.383892,0.388379,0.435591,0.690023,0.57799,0.871212,0.469405,-0.143498,0.621448,0.561113,-0.546739,0.358776,0.484298,-0.797906,-0.358776,0.484298,-0.797906,-0.621448,0.561113,-0.546739,-0.717582,0.666005,-0.203619,-0.621448,0.770898,0.13947,-0.358776,0.847713,0.390667,0,0.87582,0.48262,0.358776,0.847713,0.390667,0.621448,0.770898,0.13947,0.754479,0.596789,0.273049,0.446791,0.743767,-0.497116,0.717582,0.666005,-0.203619,0.257942,0.688559,-0.677725,0,0.456191,-0.889859,-0.257942,0.688559,-0.677725,-0.446791,0.743767,-0.497116,-0.515915,0.819208,-0.250435,-0.446791,0.89462,-0.00375378,-0.257942,0.949828,0.176794,0,0.970031,0.242897,0.257942,0.949828,0.176794,0.446791,0.89462,-0.00375378,0.278848,0.918363,-0.28077,0.515915,0.819208,-0.250435,0.139439,0.847743,-0.511704,0,0.836818,-0.547441,0,0.668355,-0.743828,-0.139439,0.847743,-0.511704,-0.241493,0.87759,-0.414106,-0.278848,0.918363,-0.28077,-0.241493,0.959105,-0.147404,-0.139409,0.988952,-0.0498062,0,0.999878,-0.014069,0.139409,0.988952,-0.0498062,0.241493,0.87759,-0.414106,0,0.956298,-0.292367,0.241493,0.959105,-0.147404,0.8652,-0.104404,-0.490402,0.499527,-0.21131,-0.840114,0,-0.250435,-0.968108,-0.499527,-0.21131,-0.840114,-0.8652,-0.104404,-0.490402,-0.999023,0.0416272,-0.0127262,-0.8652,0.187658,0.464949,0.8652,0.187658,0.464949,0.999023,0.0416272,-0.0127262,-0.499496,0.294595,0.814661,0,0.33372,0.942656,0.499496,0.294595,0.814661,-0.486312,0.0242622,0.873409,-0.452162,-0.179113,0.873745,0,0.0623798,0.998047,0.486312,0.0242622,0.873409,0.452162,-0.179113,0.873745,0,-0.143712,0.989593,-0.842341,-0.0797754,0.532945,-0.783166,-0.275918,0.557176,0.842341,-0.0797754,0.532945,0.972655,-0.221992,0.0678426,0.783166,-0.54033,-0.307627,0.904355,-0.408094,0.12476,-0.972655,-0.221992,0.0678426,-0.783166,-0.54033,-0.307627,-0.842341,-0.364177,-0.397198,-0.904355,-0.408094,0.12476,0.783166,-0.275918,0.557176,0.842341,-0.364177,-0.397198,0.452162,-0.637104,-0.624195,-0.452162,-0.637104,-0.624195,-0.486312,-0.468245,-0.737663,0.486312,-0.468245,-0.737663,0,-0.506363,-0.8623,0,-0.672506,-0.740043],
                "itemSize":3,
                "type":"Float32Array"
            }
        },