{
    "metadata":{
        "position":25,
        "version":3,
        "type":"BufferGeometry",
        "generator":"io_three",
        "normal":25
    },
    "data":{
        "attributes":{
            "position":{
                "array":[0.0627758,2.51019,-8.50593,0,2.53075,-8.51221,0.0543702,2.51936,-8.47591,0.0313888,2.52608,-8.45393,0,2.52854,-8.4459,-0.0313868,2.52608,-8.45394,-0.0543684,2.51936,-8.47591,-0.0627773,2.51019,-8.50593,-0.054363,2.50101,-8.53594,-0.0313866,2.49429,-8.55792,0,2.49183,-8.56596,0.0313942,2.49429,-8.55792,0.0543669,2.50101,-8.53595,0.0543657,-3.39695e-07,-7.7713,0.0627721,-3.3826e-07,-7.73848,0.031391,-3.40745e-07,-7.79533,0,-3.41129e-07,-7.80412,-0.0313898,-3.40745e-07,-7.79533,-0.0543677,-3.39695e-07,-7.77131,-0.0627809,-3.3826e-07,-7.73848,-0.0543611,-3.36825e-07,-7.70566,-0.0313914,-3.35775e-07,-7.68163,0.0313894,-3.35775e-07,-7.68163,0,-3.3539e-07,-7.67284,0.0543639,-3.36825e-07,-7.70566],
                "itemSize":3,
                "type":"Float32Array"
            },
            "normal":{
                "array":[0.841639,0.516373,-0.157872,0,0.956298,-0.292337,0.728965,0.639332,0.244575,0.420789,0.729392,0.539323,-9.15555e-05,0.762444,0.647023,-0.42085,0.729423,0.539232,-0.728935,0.639332,0.244667,-0.84167,0.516343,-0.157903,-0.728904,0.393262,-0.56035,-0.420911,0.303171,-0.854915,0,0.270211,-0.962798,0.42085,0.303171,-0.854946,0.728935,0.393262,-0.56032,0.886105,-0.135472,-0.443159,0.998779,0.0142827,0.0467544,0.520493,-0.249641,-0.816523,0,-0.292367,-0.956298,-0.520371,-0.249641,-0.816614,-0.886044,-0.135533,-0.443312,-0.998779,0.0143437,0.0469375,-0.843379,0.157079,0.513779,-0.477371,0.256905,0.840266,0.47734,0.256905,0.840297,0,0.292367,0.956298,0.84344,0.157048,0.513718],
                "itemSize":3,
                "type":"Float32Array"
            }
        },
        "index":{
            "array":[0,1,2,1,3,2,1,4,3,1,5,4,1,6,5,1,7,6,1,8,7,1,9,8,1,10,9,1,11,10,1,12,11,1,0,12,13,0,14,15,12,13,16,11,15,16,9,10,8,17,18,7,18,19,6,19,20,20,5,6,21,4,5,22,4,23,24,3,22,14,2,24,13,12,0,15,11,12,16,10,11,16,17,9,8,9,17,7,8,18,6,7,19,20,21,5,21,23,4,22,3,4,24,2,3,14,0,2],
            "itemSize":1,
            "type":"Uint16Array"
        },
        "groups":[{
            "count":108,
            "materialIndex":0,
            "start":0
        }]
    }
}